{
    "rmse": 0.7400934742345368,
    "mae": 0.568888022285902,
    "r2": 0.25921240112990684
}